'sample #','MLII'
0,975
1,975
2,975
3,975
4,975
5,975
6,975
7,975
8,976
9,977
10,985
11,988
12,993
13,997
14,999
15,996
16,991
17,990
18,987
19,985
20,985
21,986
22,990
23,991
24,991
25,990
26,991
27,989
28,988
29,985
30,985
31,985
32,981
33,981
34,984
35,987
36,989
37,989
38,989
39,986
40,984
41,983
42,984
43,984
44,987
45,984
46,984
47,984
48,986
49,992
50,995
51,996
52,992
53,989
54,983
55,979
56,973
57,972
58,978
59,987
60,991
61,992
62,990
63,984
64,980
65,981
66,981
67,981
68,986
69,986
70,986
71,985
72,985
73,985
74,986
75,986
76,987
77,987
78,988
79,990
80,987
81,984
82,981
83,982
84,987
85,994
86,995
87,990
88,984
89,979
90,976
91,979
92,983
93,984
94,985
95,985
96,983
97,983
98,983
99,982
100,982
101,986
102,989
103,989
104,989
105,989
106,988
107,988
108,984
109,977
110,974
111,973
112,976
113,981
114,987
115,990
116,988
117,989
118,987
119,987
120,987
121,986
122,980
123,980
124,980
125,983
126,987
127,985
128,982
129,981
130,981
131,985
132,989
133,988
134,982
135,975
136,972
137,971
138,972
139,973
140,977
141,982
142,984
143,989
144,989
145,990
146,985
147,981
148,978
149,977
150,978
151,980
152,985
153,989
154,993
155,994
156,994
157,990
158,988
159,982
160,975
161,974
162,970
163,969
164,970
165,973
166,977
167,984
168,993
169,1000
170,1001
171,999
172,989
173,979
174,971
175,966
176,966
177,964
178,970
179,977
180,983
181,986
182,987
183,988
184,990
185,995
186,995
187,995
188,990
189,982
190,974
191,968
192,969
193,969
194,975
195,979
196,985
197,989
198,986
199,985
200,986
201,985
202,980
203,980
204,978
205,980
206,980
207,980
208,984
209,983
210,982
211,980
212,977
213,974
214,971
215,974
216,976
217,979
218,984
219,984
220,986
221,987
222,985
223,985
224,984
225,983
226,980
227,981
228,979
229,978
230,978
231,978
232,983
233,982
234,981
235,980
236,977
237,975
238,977
239,978
240,985
241,988
242,990
243,990
244,991
245,990
246,988
247,982
248,978
249,978
250,977
251,976
252,977
253,975
254,975
255,976
256,976
257,980
258,982
259,985
260,985
261,982
262,981
263,981
264,985
265,990
266,996
267,995
268,989
269,981
270,974
271,968
272,969
273,971
274,977
275,983
276,984
277,985
278,984
279,983
280,982
281,980
282,977
283,973
284,972
285,975
286,979
287,982
288,984
289,986
290,987
291,984
292,979
293,979
294,978
295,979
296,984
297,986
298,989
299,991
300,986
301,983
302,981
303,978
304,982
305,988
306,990
307,988
308,983
309,977
310,973
311,974
312,979
313,985
314,989
315,991
316,993
317,989
318,984
319,981
320,980
321,983
322,984
323,986
324,989
325,989
326,987
327,985
328,983
329,982
330,981
331,981
332,981
333,985
334,986
335,985
336,985
337,981
338,984
339,985
340,987
341,989
342,987
343,986
344,982
345,982
346,977
347,976
348,980
349,983
350,988
351,993
352,995
353,993
354,986
355,978
356,971
357,969
358,976
359,980
360,982
361,986
362,988
363,983
364,984
365,982
366,987
367,986
368,989
369,989
370,985
371,986
372,988
373,995
374,999
375,999
376,992
377,984
378,974
379,963
380,959
381,958
382,971
383,977
384,986
385,990
386,992
387,990
388,987
389,985
390,984
391,983
392,984
393,984
394,988
395,989
396,992
397,994
398,992
399,984
400,978
401,978
402,985
403,989
404,991
405,988
406,983
407,979
408,977
409,980
410,985
411,995
412,1007
413,1015
414,1016
415,1005
416,995
417,986
418,983
419,986
420,991
421,997
422,1004
423,1005
424,1005
425,1005
426,999
427,995
428,991
429,987
430,986
431,989
432,991
433,994
434,994
435,994
436,993
437,993
438,994
439,995
440,996
441,997
442,995
443,995
444,995
445,995
446,995
447,993
448,987
449,982
450,975
451,970
452,967
453,969
454,971
455,975
456,980
457,983
458,985
459,979
460,975
461,976
462,976
463,975
464,977
465,983
466,987
467,986
468,985
469,983
470,981
471,979
472,979
473,980
474,982
475,985
476,987
477,989
478,989
479,986
480,986
481,986
482,992
483,998
484,1006
485,1015
486,1020
487,1026
488,1034
489,1047
490,1066
491,1083
492,1092
493,1086
494,1062
495,1022
496,980
497,946
498,928
499,920
500,923
501,928
502,936
503,940
504,944
505,943
506,939
507,934
508,928
509,924
510,924
511,927
512,933
513,943
514,954
515,957
516,963
517,959
518,953
519,945
520,943
521,942
522,944
523,949
524,953
525,953
526,960
527,965
528,972
529,980
530,988
531,988
532,989
533,987
534,985
535,980
536,978
537,979
538,980
539,982
540,982
541,983
542,985
543,986
544,985
545,988
546,985
547,983
548,979
549,980
550,985
551,987
552,991
553,990
554,992
555,988
556,986
557,985
558,988
559,994
560,1001
561,1004
562,1002
563,993
564,984
565,981
566,983
567,986
568,990
569,996
570,999
571,997
572,996
573,995
574,995
575,998
576,1000
577,999
578,999
579,1002
580,1003
581,1005
582,1005
583,1006
584,1008
585,1007
586,1008
587,1005
588,1009
589,1014
590,1018
591,1022
592,1023
593,1024
594,1022
595,1020
596,1017
597,1018
598,1018
599,1025
600,1030
601,1034
602,1037
603,1036
604,1034
605,1028
606,1025
607,1022
608,1021
609,1020
610,1024
611,1027
612,1031
613,1035
614,1037
615,1036
616,1032
617,1026
618,1018
619,1016
620,1016
621,1017
622,1019
623,1020
624,1019
625,1013
626,1011
627,1005
628,1003
629,1001
630,1004
631,1003
632,1001
633,997
634,995
635,992
636,991
637,988
638,991
639,994
640,993
641,994
642,993
643,989
644,983
645,981
646,978
647,979
648,982
649,986
650,989
651,990
652,991
653,990
654,988
655,988
656,986
657,983
658,987
659,990
660,993
661,993
662,997
663,997
664,999
665,1003
666,1003
667,1002
668,1001
669,999
670,996
671,995
672,995
673,995
674,998
675,1000
676,1000
677,1000
678,1000
679,998
680,992
681,989
682,990
683,993
684,997
685,1006
686,1012
687,1012
688,1004
689,1000
690,998
691,994
692,994
693,994
694,998
695,999
696,1000
697,1001
698,1000
699,998
700,996
701,993
702,990
703,993
704,993
705,995
706,998
707,999
708,1000
709,998
710,1001
711,1002
712,1002
713,1004
714,1004
715,1002
716,995
717,990
718,989
719,991
720,999
721,1001
722,1001
723,997
724,994
725,994
726,998
727,1001
728,1003
729,1004
730,1007
731,1009
732,1015
733,1026
734,1046
735,1071
736,1097
737,1118
738,1123
739,1112
740,1076
741,1028
742,985
743,953
744,937
745,936
746,941
747,946
748,956
749,963
750,963
751,960
752,953
753,945
754,944
755,948
756,954
757,964
758,973
759,973
760,968
761,959
762,947
763,942
764,941
765,945
766,954
767,964
768,967
769,971
770,972
771,973
772,976
773,981
774,988
775,994
776,994
777,993
778,995
779,991
780,994
781,997
782,999
783,1003
784,1005
785,1004
786,1005
787,1003
788,999
789,995
790,991
791,993
792,993
793,996
794,1000
795,999
796,1002
797,997
798,995
799,994
800,996
801,999
802,1000
803,998
804,997
805,996
806,999
807,999
808,1004
809,1007
810,1007
811,1002
812,1003
813,1001
814,1002
815,1007
816,1013
817,1015
818,1015
819,1018
820,1020
821,1020
822,1019
823,1022
824,1022
825,1022
826,1025
827,1026
828,1030
829,1035
830,1040
831,1044
832,1045
833,1048
834,1049
835,1044
836,1039
837,1035
838,1036
839,1038
840,1043
841,1050
842,1051
843,1050
844,1049
845,1048
846,1050
847,1049
848,1049
849,1048
850,1044
851,1041
852,1036
853,1033
854,1029
855,1031
856,1030
857,1030
858,1027
859,1023
860,1019
861,1018
862,1018
863,1012
864,1004
865,999
866,1000
867,1003
868,1006
869,1006
870,1004
871,998
872,995
873,993
874,993
875,992
876,995
877,997
878,997
879,998
880,997
881,995
882,993
883,990
884,987
885,985
886,987
887,987
888,990
889,991
890,993
891,995
892,999
893,998
894,995
895,992
896,991
897,990
898,992
899,992
900,994
901,997
902,1001
903,998
904,997
905,988
906,986
907,984
908,983
909,985
910,985
911,990
912,990
913,991
914,997
915,997
916,1000
917,1001
918,1002
919,1000
920,995
921,991
922,985
923,982
924,978
925,981
926,982
927,988
928,992
929,998
930,1004
931,1006
932,1002
933,1002
934,999
935,998
936,1000
937,1001
938,1001
939,1001
940,997
941,994
942,990
943,983
944,982
945,981
946,979
947,979
948,979
949,982
950,985
951,988
952,993
953,992
954,993
955,992
956,988
957,988
958,991
959,993
960,995
961,997
962,1000
963,1000
964,999
965,998
966,996
967,998
968,999
969,1000
970,999
971,996
972,994
973,992
974,997
975,999
976,1001
977,995
978,988
979,987
980,987
981,990
982,993
983,993
984,996
985,999
986,997
987,998
988,997
989,994
990,994
991,995
992,999
993,1005
994,1014
995,1021
996,1030
997,1047
998,1063
999,1103
1000,1121
1001,1134
1002,1132
1003,1112
1004,1071
1005,1018
1006,966
1007,931
1008,913
1009,908
1010,915
1011,925
1012,936
1013,946
1014,954
1015,958
1016,958
1017,952
1018,942
1019,933
1020,930
1021,931
1022,938
1023,946
1024,955
1025,960
1026,958
1027,956
1028,953
1029,950
1030,951
1031,957
1032,960
1033,967
1034,972
1035,972
1036,971
1037,970
1038,968
1039,968
1040,971
1041,978
1042,984
1043,990
1044,996
1045,999
1046,1001
1047,1005
1048,1010
1049,1014
1050,1010
1051,1003
1052,991
1053,976
1054,966
1055,966
1056,972
1057,982
1058,992
1059,998
1060,1000
1061,999
1062,1001
1063,999
1064,999
1065,1000
1066,1002
1067,1000
1068,998
1069,997
1070,996
1071,991
1072,995
1073,995
1074,1001
1075,1001
1076,1002
1077,1003
1078,1003
1079,1004
1080,1005
1081,1002
1082,999
1083,997
1084,999
1085,1002
1086,1005
1087,1006
1088,1011
1089,1014
1090,1016
1091,1019
1092,1022
1093,1029
1094,1030
1095,1034
1096,1038
1097,1037
1098,1034
1099,1035
1100,1035
1101,1034
1102,1033
1103,1034
1104,1036
1105,1039
1106,1041
1107,1041
1108,1046
1109,1041
1110,1040
1111,1038
1112,1038
1113,1041
1114,1041
1115,1041
1116,1038
1117,1038
1118,1033
1119,1028
1120,1026
1121,1024
1122,1023
1123,1023
1124,1015
1125,1008
1126,1004
1127,1002
1128,1001
1129,1008
1130,1011
1131,1014
1132,1016
1133,1012
1134,1006
1135,994
1136,985
1137,981
1138,979
1139,981
1140,986
1141,994
1142,998
1143,1000
1144,999
1145,996
1146,994
1147,990
1148,987
1149,986
1150,988
1151,986
1152,985
1153,985
1154,982
1155,983
1156,986
1157,990
1158,992
1159,993
1160,994
1161,990
1162,985
1163,984
1164,980
1165,983
1166,986
1167,992
1168,999
1169,1004
1170,1007
1171,1005
1172,999
1173,993
1174,991
1175,991
1176,989
1177,994
1178,996
1179,998
1180,1003
1181,1000
1182,1000
1183,995
1184,992
1185,987
1186,984
1187,987
1188,986
1189,986
1190,988
1191,992
1192,997
1193,996
1194,998
1195,995
1196,990
1197,982
1198,980
1199,986
1200,989
1201,993
1202,995
1203,993
1204,991
1205,992
1206,990
1207,989
1208,991
1209,994
1210,995
1211,993
1212,990
1213,984
1214,980
1215,974
1216,974
1217,972
1218,974
1219,978
1220,983
1221,988
1222,993
1223,999
1224,1004
1225,1005
1226,1002
1227,991
1228,981
1229,974
1230,970
1231,969
1232,974
1233,977
1234,983
1235,986
1236,987
1237,987
1238,987
1239,985
1240,983
1241,984
1242,987
1243,988
1244,993
1245,1003
1246,1015
1247,1023
1248,1015
1249,994
1250,971
1251,949
1252,942
1253,949
1254,960
1255,974
1256,983
1257,990
1258,990
1259,991
1260,990
1261,992
1262,991
1263,996
1264,1000
1265,1006
1266,1005
1267,1005
1268,999
1269,990
1270,977
1271,962
1272,956
1273,956
1274,963
1275,973
1276,983
1277,991
1278,995
1279,996
1280,994
1281,991
1282,991
1283,992
1284,991
1285,991
1286,990
1287,985
1288,982
1289,980
1290,980
1291,982
1292,984
1293,985
1294,988
1295,989
1296,990
1297,992
1298,992
1299,990
1300,989
1301,986
1302,984
1303,982
1304,981
1305,981
1306,983
1307,984
1308,983
1309,983
1310,982
1311,981
1312,982
1313,984
1314,986
1315,988
1316,992
1317,994
1318,997
1319,996
1320,991
1321,984
1322,974
1323,971
1324,968
1325,971
1326,975
1327,978
1328,984
1329,985
1330,985
1331,985
1332,985
1333,987
1334,989
1335,990
1336,993
1337,993
1338,993
1339,987
1340,984
1341,984
1342,985
1343,990
1344,995
1345,1001
1346,1000
1347,998
1348,995
1349,992
1350,988
1351,979
1352,970
1353,965
1354,966
1355,967
1356,978
1357,985
1358,989
1359,990
1360,989
1361,984
1362,981
1363,975
1364,976
1365,982
1366,986
1367,993
1368,998
1369,1000
1370,997
1371,992
1372,985
1373,981
1374,976
1375,976
1376,979
1377,983
1378,986
1379,984
1380,982
1381,984
1382,982
1383,980
1384,978
1385,977
1386,977
1387,975
1388,982
1389,986
1390,991
1391,994
1392,994
1393,992
1394,990
1395,989
1396,986
1397,981
1398,975
1399,973
1400,972
1401,973
1402,976
1403,981
1404,985
1405,987
1406,991
1407,989
1408,983
1409,972
1410,967
1411,964
1412,962
1413,963
1414,971
1415,977
1416,985
1417,988
1418,988
1419,982
1420,976
1421,971
1422,968
1423,971
1424,973
1425,979
1426,981
1427,985
1428,986
1429,989
1430,985
1431,982
1432,981
1433,977
1434,978
1435,977
1436,976
1437,974
1438,972
1439,973
1440,973
1441,975
1442,975
1443,974
1444,976
1445,979
1446,981
1447,981
1448,980
1449,979
1450,977
1451,976
1452,977
1453,980
1454,982
1455,980
1456,982
1457,979
1458,979
1459,973
1460,972
1461,974
1462,976
1463,984
1464,989
1465,992
1466,987
1467,980
1468,977
1469,973
1470,967
1471,963
1472,965
1473,970
1474,974
1475,980
1476,982
1477,984
1478,980
1479,979
1480,978
1481,980
1482,980
1483,978
1484,975
1485,976
1486,978
1487,979
1488,982
1489,981
1490,976
1491,973
1492,972
1493,972
1494,974
1495,975
1496,974
1497,971
1498,967
1499,970
1500,974
1501,980
1502,985
1503,987
1504,988
1505,983
1506,982
1507,979
1508,976
1509,974
1510,972
1511,974
1512,978
1513,983
1514,986
1515,984
1516,984
1517,982
1518,976
1519,973
1520,972
1521,975
1522,979
1523,980
1524,982
1525,983
1526,983
1527,982
1528,981
1529,975
1530,971
1531,968
1532,971
1533,975
1534,979
1535,983
1536,981
1537,978
1538,976
1539,977
1540,984
1541,987
1542,990
1543,989
1544,983
1545,977
1546,970
1547,970
1548,972
1549,973
1550,975
1551,979
1552,984
1553,986
1554,988
1555,986
1556,984
1557,983
1558,983
1559,983
1560,985
1561,986
1562,986
1563,983
1564,982
1565,979
1566,976
1567,975
1568,975
1569,979
1570,980
1571,986
1572,989
1573,990
1574,990
1575,986
1576,983
1577,977
1578,977
1579,977
1580,981
1581,985
1582,988
1583,993
1584,997
1585,997
1586,998
1587,996
1588,991
1589,990
1590,990
1591,991
1592,995
1593,997
1594,1003
1595,1004
1596,1004
1597,998
1598,992
1599,984
1600,979
1601,975
1602,974
1603,976
1604,980
1605,987
1606,989
1607,995
1608,1000
1609,1003
1610,1002
1611,997
1612,989
1613,978
1614,968
1615,959
1616,955
1617,955
1618,959
1619,964
1620,970
1621,976
1622,979
1623,983
1624,983
1625,984
1626,983
1627,980
1628,976
1629,971
1630,967
1631,967
1632,967
1633,968
1634,974
1635,977
1636,977
1637,980
1638,983
1639,992
1640,996
1641,998
1642,990
1643,979
1644,968
1645,960
1646,960
1647,960
1648,969
1649,976
1650,984
1651,992
1652,995
1653,1005
1654,1020
1655,1040
1656,1066
1657,1092
1658,1112
1659,1129
1660,1135
1661,1125
1662,1095
1663,1043
1664,986
1665,940
1666,909
1667,899
1668,900
1669,907
1670,916
1671,923
1672,927
1673,929
1674,923
1675,920
1676,915
1677,916
1678,919
1679,924
1680,932
1681,940
1682,945
1683,947
1684,951
1685,949
1686,945
1687,936
1688,928
1689,923
1690,922
1691,927
1692,935
1693,945
1694,956
1695,964
1696,974
1697,981
1698,985
1699,983
1700,981
1701,974
1702,968
1703,965
1704,966
1705,971
1706,978
1707,985
1708,987
1709,987
1710,982
1711,977
1712,972
1713,968
1714,964
1715,960
1716,961
1717,967
1718,972
1719,976
1720,979
1721,983
1722,986
1723,987
1724,985
1725,981
1726,975
1727,975
1728,973
1729,977
1730,985
1731,989
1732,994
1733,999
1734,997
1735,998
1736,995
1737,989
1738,986
1739,987
1740,987
1741,989
1742,992
1743,986
1744,985
1745,988
1746,991
1747,998
1748,1003
1749,1005
1750,1004
1751,1004
1752,1003
1753,1006
1754,1004
1755,1003
1756,1003
1757,1004
1758,1009
1759,1014
1760,1017
1761,1021
1762,1025
1763,1029
1764,1028
1765,1030
1766,1030
1767,1026
1768,1023
1769,1020
1770,1019
1771,1018
1772,1020
1773,1024
1774,1031
1775,1038
1776,1041
1777,1039
1778,1032
1779,1020
1780,1011
1781,1007
1782,1007
1783,1007
1784,1010
1785,1016
1786,1018
1787,1018
1788,1016
1789,1015
1790,1018
1791,1018
1792,1015
1793,1012
1794,1006
1795,995
1796,991
1797,986
1798,987
1799,988
1800,989
1801,988
1802,987
1803,986
1804,988
1805,991
1806,992
1807,988
1808,982
1809,973
1810,972
1811,971
1812,973
1813,976
1814,975
1815,970
1816,969
1817,969
1818,974
1819,975
1820,974
1821,975
1822,975
1823,978
1824,980
1825,985
1826,990
1827,992
1828,994
1829,991
1830,989
1831,989
1832,989
1833,984
1834,981
1835,981
1836,983
1837,984
1838,984
1839,987
1840,989
1841,989
1842,992
1843,992
1844,993
1845,987
1846,981
1847,979
1848,981
1849,988
1850,993
1851,996
1852,997
1853,997
1854,995
1855,992
1856,988
1857,989
1858,988
1859,990
1860,990
1861,991
1862,995
1863,995
1864,990
1865,982
1866,980
1867,981
1868,983
1869,986
1870,989
1871,987
1872,985
1873,982
1874,981
1875,984
1876,987
1877,990
1878,991
1879,990
1880,986
1881,981
1882,977
1883,978
1884,982
1885,987
1886,991
1887,989
1888,988
1889,987
1890,984
1891,984
1892,984
1893,986
1894,987
1895,988
1896,992
1897,1001
1898,1016
1899,1036
1900,1060
1901,1087
1902,1112
1903,1130
1904,1136
1905,1127
1906,1090
1907,1037
1908,983
1909,943
1910,919
1911,910
1912,913
1913,917
1914,923
1915,928
1916,934
1917,935
1918,937
1919,933
1920,926
1921,925
1922,926
1923,933
1924,940
1925,946
1926,949
1927,949
1928,943
1929,940
1930,940
1931,943
1932,943
1933,946
1934,948
1935,954
1936,959
1937,968
1938,978
1939,988
1940,997
1941,995
1942,991
1943,987
1944,984
1945,982
1946,985
1947,983
1948,983
1949,982
1950,980
1951,975
1952,977
1953,981
1954,986
1955,988
1956,989
1957,992
1958,989
1959,986
1960,984
1961,983
1962,983
1963,983
1964,984
1965,987
1966,992
1967,997
1968,1000
1969,1002
1970,996
1971,996
1972,993
1973,992
1974,989
1975,989
1976,987
1977,984
1978,987
1979,994
1980,999
1981,1006
1982,1007
1983,1008
1984,1005
1985,1000
1986,999
1987,1000
1988,1004
1989,1007
1990,1014
1991,1021
1992,1028
1993,1034
1994,1037
1995,1033
1996,1027
1997,1020
1998,1014
1999,1015
2000,1016
2001,1024
2002,1027
2003,1033
2004,1033
2005,1035
2006,1035
2007,1036
2008,1035
2009,1033
2010,1032
2011,1033
2012,1034
2013,1033
2014,1028
2015,1023
2016,1020
2017,1017
2018,1015
2019,1010
2020,1011
2021,1007
2022,1003
2023,997
2024,994
2025,994
2026,995
2027,997
2028,997
2029,997
2030,998
2031,995
2032,989
2033,981
2034,973
2035,970
2036,964
2037,965
2038,968
2039,973
2040,976
2041,982
2042,987
2043,989
2044,996
2045,1000
2046,1007
2047,1003
2048,994
2049,972
2050,951
2051,938
2052,940
2053,949
2054,963
2055,978
2056,986
2057,989
2058,988
2059,984
2060,977
2061,968
2062,969
2063,968
2064,972
2065,976
2066,977
2067,976
2068,974
2069,971
2070,968
2071,968
2072,971
2073,975
2074,976
2075,972
2076,970
2077,969
2078,971
2079,979
2080,985
2081,989
2082,985
2083,979
2084,971
2085,967
2086,967
2087,969
2088,977
2089,980
2090,982
2091,981
2092,982
2093,985
2094,986
2095,987
2096,990
2097,989
2098,985
2099,982
2100,980
2101,972
2102,967
2103,967
2104,970
2105,975
2106,979
2107,979
2108,978
2109,978
2110,981
2111,980
2112,981
2113,978
2114,975
2115,973
2116,973
2117,973
2118,976
2119,978
2120,977
2121,978
2122,980
2123,978
2124,975
2125,972
2126,970
2127,973
2128,973
2129,977
2130,980
2131,982
2132,982
2133,984
2134,980
2135,980
2136,979
2137,979
2138,974
2139,974
2140,971
2141,971
2142,973
2143,979
2144,983
2145,985
2146,986
2147,986
2148,986
2149,988
2150,991
2151,1000
2152,1008
2153,1020
2154,1034
2155,1056
2156,1074
2157,1095
2158,1100
2159,1091
2160,1063
2161,1016
2162,966
2163,927
2164,906
2165,901
2166,906
2167,916
2168,924
2169,931
2170,937
2171,941
2172,944
2173,946
2174,945
2175,941
2176,936
2177,928
2178,924
2179,923
2180,921
2181,921
2182,922
2183,926
2184,931
2185,941
2186,946
2187,950
2188,954
2189,956
2190,961
2191,961
2192,962
2193,967
2194,968
2195,972
2196,971
2197,971
2198,972
2199,974
2200,976
2201,977
2202,976
2203,979
2204,982
2205,987
2206,992
2207,993
2208,992
2209,991
2210,987
2211,977
2212,967
2213,957
2214,958
2215,962
2216,967
2217,976
2218,982
2219,987
2220,990
2221,989
2222,989
2223,988
2224,987
2225,983
2226,980
2227,977
2228,974
2229,978
2230,979
2231,984
2232,987
2233,989
2234,994
2235,1001
2236,1006
2237,1013
2238,1011
2239,999
2240,987
2241,978
2242,974
2243,977
2244,984
2245,995
2246,1003
2247,1011
2248,1015
2249,1013
2250,1012
2251,1018
2252,1022
2253,1028
2254,1029
2255,1031
2256,1028
2257,1020
2258,1014
2259,1009
2260,1008
2261,1010
2262,1016
2263,1020
2264,1027
2265,1034
2266,1039
2267,1039
2268,1032
2269,1029
2270,1026
2271,1022
2272,1021
2273,1017
2274,1011
2275,1003
2276,997
2277,998
2278,998
2279,999
2280,1003
2281,1005
2282,1004
2283,1000
2284,1000
2285,999
2286,1001
2287,1004
2288,1006
2289,1005
2290,997
2291,983
2292,968
2293,959
2294,958
2295,962
2296,968
2297,974
2298,979
2299,981
2300,981
2301,984
2302,981
2303,986
2304,992
2305,1002
2306,1005
2307,995
2308,981
2309,959
2310,945
2311,943
2312,949
2313,962
2314,973
2315,982
2316,986
2317,988
2318,991
2319,986
2320,983
2321,982
2322,974
2323,972
2324,968
2325,969
2326,971
2327,973
2328,979
2329,985
2330,986
2331,984
2332,980
2333,981
2334,980
2335,977
2336,978
2337,982
2338,984
2339,983
2340,981
2341,981
2342,980
2343,980
2344,982
2345,981
2346,980
2347,976
2348,974
2349,974
2350,974
2351,975
2352,977
2353,979
2354,982
2355,985
2356,985
2357,985
2358,982
2359,978
2360,975
2361,973
2362,973
2363,971
2364,974
2365,975
2366,974
2367,976
2368,978
2369,981
2370,981
2371,979
2372,977
2373,976
2374,974
2375,978
2376,975
2377,977
2378,974
2379,972
2380,971
2381,975
2382,977
2383,976
2384,974
2385,975
2386,971
2387,969
2388,973
2389,977
2390,980
2391,979
2392,978
2393,975
2394,974
2395,974
2396,971
2397,967
2398,964
2399,966
2400,968
2401,975
2402,976
2403,975
2404,976
2405,975
2406,976
2407,974
2408,972
2409,972
2410,972
2411,975
2412,975
2413,974
2414,976
2415,971
2416,972
2417,973
2418,974
2419,977
2420,979
2421,977
2422,974
2423,970
2424,969
2425,971
2426,978
2427,981
2428,983
2429,980
2430,977
2431,970
2432,970
2433,972
2434,973
2435,976
2436,975
2437,974
2438,972
2439,974
2440,973
2441,974
2442,977
2443,978
2444,975
2445,976
2446,973
2447,974
2448,975
2449,976
2450,979
2451,979
2452,984
2453,982
2454,983
2455,975
2456,970
2457,965
2458,964
2459,966
2460,973
2461,977
2462,980
2463,979
2464,980
2465,976
2466,976
2467,979
2468,977
2469,976
2470,973
2471,976
2472,973
2473,974
2474,975
2475,973
2476,967
2477,964
2478,964
2479,967
2480,969
2481,973
2482,976
2483,978
2484,978
2485,976
2486,974
2487,972
2488,974
2489,974
2490,975
2491,974
2492,974
2493,976
2494,976
2495,977
2496,975
2497,974
2498,974
2499,973
2500,974
2501,978
2502,981
2503,982
2504,978
2505,972
2506,969
2507,965
2508,967
2509,971
2510,973
2511,976
2512,978
2513,976
2514,974
2515,970
2516,967
2517,967
2518,968
2519,972
2520,976
2521,984
2522,986
2523,984
2524,980
2525,975
2526,970
2527,970
2528,971
2529,973
2530,973
2531,967
2532,968
2533,970
2534,974
2535,979
2536,982
2537,986
2538,986
2539,981
2540,972
2541,968
2542,966
2543,965
2544,965
2545,970
2546,973
2547,971
2548,971
2549,970
2550,965
2551,966
2552,967
2553,969
2554,973
2555,981
2556,986
2557,992
2558,993
2559,989
2560,987
2561,980
2562,974
2563,967
2564,963
2565,962
2566,960
2567,963
2568,969
2569,972
2570,976
2571,976
2572,978
2573,975
2574,977
2575,980
2576,983
2577,988
2578,988
2579,991
2580,983
2581,977
2582,972
2583,968
2584,967
2585,965
2586,970
2587,970
2588,973
2589,976
2590,977
2591,983
2592,983
2593,983
2594,980
2595,979
2596,976
2597,974
2598,976
2599,975
2600,978
2601,979
2602,980
2603,978
2604,975
2605,973
2606,972
2607,975
2608,977
2609,979
2610,979
2611,979
2612,982
2613,979
2614,977
2615,977
2616,977
2617,976
2618,974
2619,976
2620,976
2621,980
2622,980
2623,972
2624,969
2625,965
2626,963
2627,962
2628,969
2629,975
2630,978
2631,984
2632,987
2633,986
2634,987
2635,987
2636,982
2637,984
2638,986
2639,985
2640,984
2641,981
2642,972
2643,967
2644,966
2645,966
2646,970
2647,973
2648,976
2649,977
2650,977
2651,975
2652,976
2653,979
2654,982
2655,980
2656,981
2657,981
2658,980
2659,980
2660,978
2661,977
2662,978
2663,981
2664,980
2665,984
2666,981
2667,980
2668,979
2669,975
2670,977
2671,981
2672,986
2673,987
2674,986
2675,980
2676,977
2677,973
2678,975
2679,977
2680,973
2681,973
2682,973
2683,974
2684,978
2685,980
2686,981
2687,983
2688,980
2689,976
2690,974
2691,971
2692,972
2693,979
2694,981
2695,982
2696,984
2697,982
2698,978
2699,976
2700,974
2701,973
2702,977
2703,979
2704,983
2705,983
2706,979
2707,980
2708,979
2709,981
2710,979
2711,980
2712,979
2713,978
2714,979
2715,975
2716,971
2717,970
2718,974
2719,977
2720,978
2721,979
2722,979
2723,977
2724,977
2725,975
2726,975
2727,974
2728,979
2729,981
2730,984
2731,984
2732,986
2733,980
2734,975
2735,973
2736,974
2737,978
2738,984
2739,989
2740,992
2741,990
2742,983
2743,976
2744,971
2745,970
2746,971
2747,976
2748,980
2749,984
2750,988
2751,992
2752,995
2753,993
2754,1000
2755,1003
2756,1000
2757,995
2758,987
2759,983
2760,984
2761,984
2762,988
2763,991
2764,989
2765,990
2766,989
2767,990
2768,988
2769,985
2770,985
2771,986
2772,988
2773,988
2774,988
2775,989
2776,986
2777,984
2778,984
2779,983
2780,982
2781,982
2782,986
2783,984
2784,982
2785,983
2786,980
2787,976
2788,975
2789,972
2790,971
2791,968
2792,966
2793,970
2794,974
2795,976
2796,978
2797,978
2798,977
2799,975
2800,972
2801,972
2802,972
2803,975
2804,975
2805,981
2806,982
2807,982
2808,981
2809,978
2810,977
2811,978
2812,980
2813,982
2814,984
2815,980
2816,977
2817,973
2818,974
2819,976
2820,980
2821,985
2822,990
2823,992
2824,1001
2825,1009
2826,1021
2827,1039
2828,1057
2829,1076
2830,1082
2831,1072
2832,1042
2833,1001
2834,962
2835,933
2836,919
2837,915
2838,917
2839,920
2840,927
2841,932
2842,936
2843,938
2844,935
2845,932
2846,929
2847,930
2848,933
2849,937
2850,938
2851,938
2852,934
2853,936
2854,936
2855,937
2856,939
2857,942
2858,941
2859,939
2860,941
2861,945
2862,948
2863,952
2864,958
2865,963
2866,968
2867,975
2868,980
2869,984
2870,983
2871,979
2872,976
2873,973
2874,975
2875,976
2876,979
2877,981
2878,979
2879,976
2880,975
2881,972
2882,968
2883,969
2884,969
2885,972
2886,974
2887,977
2888,979
2889,983
2890,984
2891,985
2892,985
2893,985
2894,985
2895,983
2896,980
2897,979
2898,981
2899,983
2900,988
2901,991
2902,989
2903,984
2904,977
2905,971
2906,974
2907,978
2908,984
2909,989
2910,993
2911,994
2912,993
2913,997
2914,1000
2915,1004
2916,1004
2917,1003
2918,999
2919,994
2920,997
2921,1000
2922,1007
2923,1010
2924,1013
2925,1016
2926,1014
2927,1016
2928,1015
2929,1017
2930,1019
2931,1019
2932,1018
2933,1017
2934,1015
2935,1015
2936,1011
2937,1012
2938,1012
2939,1011
2940,1016
2941,1022
2942,1027
2943,1030
2944,1032
2945,1026
2946,1021
2947,1014
2948,1008
2949,1007
2950,1006
2951,1010
2952,1013
2953,1014
2954,1014
2955,1008
2956,1008
2957,1008
2958,1013
2959,1012
2960,1008
2961,1002
2962,996
2963,995
2964,997
2965,999
2966,1000
2967,997
2968,996
2969,987
2970,981
2971,977
2972,975
2973,975
2974,977
2975,976
2976,974
2977,972
2978,975
2979,978
2980,984
2981,984
2982,978
2983,971
2984,967
2985,966
2986,969
2987,973
2988,980
2989,986
2990,990
2991,992
2992,995
2993,994
2994,992
2995,991
2996,989
2997,993
2998,993
2999,995
3000,994
3001,995
3002,994
3003,994
3004,993
3005,990
3006,990
3007,986
3008,982
3009,980
3010,978
3011,984
3012,987
3013,992
3014,992
3015,989
3016,985
3017,985
3018,987
3019,986
3020,989
3021,989
3022,988
3023,987
3024,987
3025,989
3026,988
3027,990
3028,994
3029,995
3030,995
3031,993
3032,987
3033,982
3034,984
3035,986
3036,989
3037,993
3038,996
3039,996
3040,996
3041,992
3042,986
3043,979
3044,975
3045,974
3046,977
3047,980
3048,983
3049,988
3050,995
3051,993
3052,994
3053,991
3054,989
3055,986
3056,986
3057,981
3058,985
3059,990
3060,995
3061,1003
3062,1016
3063,1027
3064,1043
3065,1061
3066,1073
3067,1080
3068,1069
3069,1047
3070,1013
3071,980
3072,952
3073,936
3074,931
3075,925
3076,928
3077,932
3078,940
3079,947
3080,951
3081,952
3082,949
3083,943
3084,936
3085,934
3086,939
3087,944
3088,951
3089,949
3090,946
3091,940
3092,937
3093,939
3094,940
3095,942
3096,950
3097,959
3098,963
3099,966
3100,968
3101,968
3102,965
3103,963
3104,962
3105,967
3106,974
3107,982
3108,986
3109,992
3110,992
3111,991
3112,987
3113,981
3114,979
3115,974
3116,974
3117,976
3118,977
3119,980
3120,981
3121,984
3122,984
3123,985
3124,987
3125,988
3126,988
3127,989
3128,986
3129,990
3130,992
3131,990
3132,986
3133,982
3134,981
3135,977
3136,980
3137,984
3138,987
3139,989
3140,989
3141,987
3142,986
3143,986
3144,987
3145,987
3146,992
3147,995
3148,998
3149,997
3150,997
3151,998
3152,998
3153,999
3154,1001
3155,1004
3156,1008
3157,1008
3158,1010
3159,1010
3160,1013
3161,1011
3162,1012
3163,1012
3164,1012
3165,1013
3166,1018
3167,1021
3168,1027
3169,1028
3170,1030
3171,1026
3172,1019
3173,1016
3174,1013
3175,1012
3176,1011
3177,1013
3178,1012
3179,1017
3180,1017
3181,1018
3182,1016
3183,1016
3184,1013
3185,1005
3186,1001
3187,998
3188,996
3189,996
3190,998
3191,997
3192,995
3193,997
3194,996
3195,990
3196,991
3197,989
3198,986
3199,984
3200,982
3201,980
3202,978
3203,978
3204,982
3205,986
3206,984
3207,979
3208,974
3209,970
3210,967
3211,971
3212,974
3213,981
3214,985
3215,988
3216,995
3217,995
3218,996
3219,996
3220,992
3221,982
3222,976
3223,967
3224,966
3225,969
3226,973
3227,977
3228,984
3229,987
3230,993
3231,994
3232,996
3233,995
3234,988
3235,979
3236,975
3237,969
3238,972
3239,976
3240,979
3241,983
3242,986
3243,987
3244,983
3245,988
3246,988
3247,986
3248,985
3249,983
3250,983
3251,982
3252,984
3253,987
3254,987
3255,981
3256,980
3257,979
3258,979
3259,978
3260,975
3261,976
3262,977
3263,980
3264,984
3265,985
3266,981
3267,977
3268,976
3269,974
3270,975
3271,978
3272,977
3273,979
3274,975
3275,978
3276,978
3277,978
3278,978
3279,977
3280,977
3281,975
3282,974
3283,972
3284,973
3285,972
3286,976
3287,979
3288,983
3289,983
3290,982
3291,978
3292,977
3293,972
3294,969
3295,968
3296,968
3297,971
3298,977
3299,979
3300,983
3301,982
3302,984
3303,982
3304,982
3305,979
3306,974
3307,972
3308,970
3309,972
3310,973
3311,976
3312,975
3313,974
3314,974
3315,973
3316,978
3317,978
3318,979
3319,976
3320,975
3321,975
3322,977
3323,980
3324,979
3325,975
3326,973
3327,973
3328,972
3329,973
3330,973
3331,971
3332,971
3333,973
3334,975
3335,980
3336,983
3337,983
3338,979
3339,974
3340,971
3341,969
3342,968
3343,970
3344,971
3345,973
3346,974
3347,972
3348,970
3349,973
3350,978
3351,980
3352,979
3353,979
3354,977
3355,973
3356,971
3357,973
3358,975
3359,978
3360,978
3361,979
3362,976
3363,974
3364,971
3365,967
3366,967
3367,965
3368,967
3369,969
3370,973
3371,976
3372,976
3373,976
3374,974
3375,972
3376,971
3377,969
3378,972
3379,972
3380,977
3381,977
3382,974
3383,971
3384,969
3385,967
3386,968
3387,969
3388,972
3389,973
3390,976
3391,979
3392,981
3393,979
3394,976
3395,976
3396,972
3397,966
3398,963
3399,964
3400,965
3401,971
3402,974
3403,973
3404,970
3405,970
3406,972
3407,972
3408,975
3409,982
3410,983
3411,980
3412,974
3413,968
3414,967
3415,967
3416,974
3417,980
3418,981
3419,981
3420,972
3421,965
3422,960
3423,960
3424,964
3425,971
3426,975
3427,978
3428,979
3429,979
3430,975
3431,972
3432,969
3433,972
3434,975
3435,975
3436,979
3437,978
3438,975
3439,975
3440,970
3441,967
3442,967
3443,967
3444,973
3445,977
3446,978
3447,980
3448,981
3449,978
3450,977
3451,977
3452,975
3453,971
3454,968
3455,969
3456,970
3457,970
3458,972
3459,970
3460,971
3461,973
3462,974
3463,974
3464,974
3465,974
3466,970
3467,971
3468,972
3469,974
3470,977
3471,978
3472,980
3473,978
3474,975
3475,968
3476,966
3477,967
3478,967
3479,967
3480,962
3481,967
3482,970
3483,972
3484,974
3485,975
3486,971
3487,973
3488,970
3489,968
3490,967
3491,965
3492,966
3493,967
3494,972
3495,970
3496,971
3497,971
3498,966
3499,969
3500,966
3501,965
3502,968
3503,968
3504,970
3505,971
3506,975
3507,978
3508,979
3509,977
3510,970
3511,964
3512,960
3513,961
3514,965
3515,967
3516,969
3517,970
3518,973
3519,974
3520,976
3521,972
3522,969
3523,969
3524,965
3525,965
3526,966
3527,966
3528,970
3529,973
3530,974
3531,976
3532,975
3533,974
3534,973
3535,969
3536,968
3537,965
3538,966
3539,965
3540,966
3541,967
3542,968
3543,971
3544,971
3545,971
3546,970
3547,968
3548,965
3549,965
3550,964
3551,965
3552,967
3553,970
3554,973
3555,977
3556,980
3557,983
3558,981
3559,978
3560,971
3561,964
3562,962
3563,961
3564,963
3565,968
3566,971
3567,969
3568,970
3569,964
3570,961
3571,959
3572,961
3573,968
3574,972
3575,978
3576,981
3577,983
3578,978
3579,973
3580,969
3581,965
3582,966
3583,972
3584,975
3585,980
3586,983
3587,979
3588,978
3589,976
3590,980
3591,984
3592,992
3593,993
3594,994
3595,990
3596,984
3597,978
3598,970
3599,970
